{"cameraMode":{"drawMode":0,"name":"Shaded","section":"Shading Mode"},"sceneLighting":true,"audioPlay":false,"sceneViewState":{"m_AlwaysRefresh":false,"showFog":true,"showSkybox":true,"showFlares":true,"showImageEffects":true,"showParticleSystems":true,"showVisualEffectGraphs":true,"m_FxEnabled":true},"in2DMode":false,"pivot":{"x":1.8806438446044922,"y":-9.799470901489258,"z":6.2621235847473148},"rotation":{"x":-0.43524497747421267,"y":-0.0008132855291478336,"z":0.0003931287210434675,"w":-0.900314450263977},"size":15.116487503051758,"orthographic":false}